1,ChipID-0002,2024-02-02,1
2,ChipID-0003,2024-02-02,1
1,ChipID-0002,2024-02-02,1
2,ChipID-0003,2024-02-02,1
1,ChipID-0002,2024-02-02,1
2,ChipID-0003,2024-02-02,1
1,ChipID-0002,2024-02-02,1
2,ChipID-0003,2024-02-02,1
1,ChipID-0002,2024-02-02,1
2,ChipID-0003,2024-02-02,1
1,ChipID-0002,2024-02-02,1
2,ChipID-0003,2024-02-02,1
1,ChipID-0002,2024-02-02,1
2,ChipID-0003,2024-02-02,1
1,ChipID-0002,2024-02-02,1
2,ChipID-0003,2024-02-02,1
1,ChipID-0002,2024-02-02,1
2,ChipID-0003,2024-02-02,1
1,ChipID-0002,2024-02-02,1
2,ChipID-0003,2024-02-02,1
1,ChipID-0002,2024-02-02,1
2,ChipID-0003,2024-02-02,1
1,ChipID-0002,2024-02-02,1
2,ChipID-0003,2024-02-02,1
1,ChipID-0002,2024-02-02,1
2,ChipID-0003,2024-02-02,1
1,ChipID-0002,2024-02-02,1
2,ChipID-0003,2024-02-02,1
1,ChipID-0002,2024-02-02,1
2,ChipID-0003,2024-02-02,1
1,ChipID-0002,2024-02-02,1
2,ChipID-0003,2024-02-02,1
1,ChipID-0002,2024-02-02,1
2,ChipID-0003,2024-02-02,1
1,ChipID-0002,2024-02-02,1
2,ChipID-0003,2024-02-02,1
1,ChipID-0002,2024-02-02,1
2,ChipID-0003,2024-02-02,1
1,ChipID-0002,2024-02-02,1
2,ChipID-0003,2024-02-02,1
1,ChipID-0002,2024-02-02,1
2,ChipID-0003,2024-02-02,1
1,ChipID-0002,2024-02-02,1
2,ChipID-0003,2024-02-02,1
1,ChipID-0002,2024-02-02,1
2,ChipID-0003,2024-02-02,1
1,ChipID-0002,2024-02-02,1
2,ChipID-0003,2024-02-02,1
1,ChipID-0002,2024-02-02,1
2,ChipID-0003,2024-02-02,1
1,ChipID-0002,2024-02-02,1
2,ChipID-0003,2024-02-02,1
